params,values
method,normalize
numerical_columns,"['FINAL_WEIGHT', 'age', 'LBXWBCSI', 'LBXPLTSI', 'LBDNENO', 'LBDLYMNO', 'LBDMONO', 'LBXMCVSI', 'LBXMCHSI', 'BMXWAIST', 'BMXWT', 'BMXHT', 'BMXBMI', 'WWI', 'WHtR', 'PLR', 'NLR', 'MHR', 'SII', 'SIRI', 'PIV']"
max_,"[[9.31470000e+04, 8.50000000e+01, 5.59000000e+01, 7.99000000e+02,
  1.78000000e+01, 4.84000000e+01, 2.30000000e+00, 1.18100000e+02,
  6.08000000e+01, 1.59100000e+02, 2.18200000e+02, 1.97400000e+02,
  6.61600000e+01, 1.57040567e+01, 9.58940397e-01, 5.20000000e+02,
  1.61818182e+01, 2.61363636e+00, 5.12000000e+03, 1.44000000e+01,
  4.60800000e+03]]"
min_,"[[1.62500000e+03, 4.00000000e+01, 2.50000000e+00, 3.90000000e+01,
  1.00000000e+00, 4.00000000e-01, 1.00000000e-01, 5.11000000e+01,
  1.47000000e+01, 6.11000000e+01, 3.63000000e+01, 1.40900000e+02,
  1.54400000e+01, 8.74119878e+00, 3.82047072e-01, 4.19141914e+00,
  1.05371901e-01, 3.98406370e-02, 2.17066116e+01, 9.59595960e-02,
  1.53535353e+01]]"
axis,0
