params,values
method,normalize
numerical_columns,"['FINAL_WEIGHT', 'age', 'LBXWBCSI', 'LBXPLTSI', 'LBDNENO', 'LBDLYMNO', 'LBDMONO', 'LBXMCVSI', 'LBXMCHSI', 'BMXWAIST', 'BMXWT', 'BMXHT', 'BMXBMI', 'WWI', 'WHtR', 'PLR', 'NLR', 'MHR', 'SII', 'SIRI', 'PIV']"
max_,"[[8.06150000e+04, 8.50000000e+01, 2.07000000e+01, 6.67000000e+02,
  1.78000000e+01, 1.44000000e+01, 2.50000000e+00, 1.21900000e+02,
  6.08000000e+01, 1.68400000e+02, 2.18200000e+02, 1.97400000e+02,
  6.61600000e+01, 1.53881918e+01, 9.76231884e-01, 4.77500000e+02,
  1.61818182e+01, 3.12500000e+00, 5.12000000e+03, 1.44000000e+01,
  4.60800000e+03]]"
min_,"[[1.40600000e+03, 4.00000000e+01, 2.30000000e+00, 3.50000000e+01,
  5.00000000e-01, 4.00000000e-01, 1.00000000e-01, 5.11000000e+01,
  1.47000000e+01, 6.35000000e+01, 4.08000000e+01, 1.40200000e+02,
  1.42000000e+01, 8.59364490e+00, 3.56984479e-01, 1.34722222e+01,
  1.91919192e-01, 6.84931510e-02, 1.37500000e+01, 9.59595960e-02,
  1.53535353e+01]]"
axis,0
