params,values
method,normalize
numerical_columns,"['age', 'wt', 'height', 'weight', 'bmi', 'waist', 'WWI', 'WHtR', 'TyG', 'TyGWHtR', 'TyGWC', 'TyGBMI', 'LBXWBCSI', 'LBDNENO', 'LBDLYMNO', 'LBDMONO', 'LBXPLTSI', 'PLR', 'NLR', 'MHR', 'SER', 'SEL', 'VIXORSM', 'VIXORCM', 'VIXOLSM', 'VIXOLCM', 'VIXKRD1', 'VIXKRD2', 'VIXKRDM', 'VIXKLD1', 'VIXKLD2', 'VIXKLDM']"
max_,"[[8.50000000e+01, 9.63850000e+04, 2.00700000e+02, 2.59500000e+02,
  7.34300000e+01, 1.78200000e+02, 1.34199747e+01, 9.96424315e-01,
  1.23318040e+01, 9.19146609e+00, 1.58277046e+03, 5.85416139e+02,
  5.59000000e+01, 1.62000000e+01, 4.84000000e+01, 1.80000000e+00,
  1.00000000e+03, 5.90000000e+02, 1.35555556e+01, 8.57142860e-02,
  4.00000000e+00, 1.32000000e+02, 8.80000000e+01, 8.80000000e+01,
  1.75000000e+00, 7.75000000e+00, 8.80000000e+01, 8.80000000e+01,
  8.80000000e+01, 8.80000000e+01, 8.80000000e+01, 8.80000000e+01]]"
min_,"[[ 1.20000000e+01,  6.94000000e+02,  1.32700000e+02,  2.64000000e+01,
   1.26100000e+01,  5.21000000e+01,  8.10522898e+00,  3.58274167e-01,
   6.38687932e+00,  2.43608034e+00,  4.22172723e+02,  1.09373388e+02,
   1.60000000e+00,  2.00000000e-01,  4.00000000e-01,  0.00000000e+00,
   4.00000000e+00,  1.53846154e+00,  1.05371901e-01,  0.00000000e+00,
   0.00000000e+00,  0.00000000e+00, -1.47500000e+01,  0.00000000e+00,
  -7.75000000e+00,  0.00000000e+00,  3.55000000e+01,  3.85000000e+01,
   3.77500000e+01,  3.65000000e+01,  3.80000000e+01,  3.72500000e+01]]"
axis,0
