params,values
method,normalize
numerical_columns,"['age', 'wt', 'height', 'weight', 'bmi', 'waist', 'WWI', 'WHtR', 'TyG', 'TyGWHtR', 'TyGWC', 'TyGBMI', 'LBXWBCSI', 'LBDNENO', 'LBDLYMNO', 'LBDMONO', 'LBXPLTSI', 'PLR', 'NLR', 'MHR', 'SER', 'SEL', 'VIXORSM', 'VIXORCM', 'VIXOLSM', 'VIXOLCM', 'VIXKRD1', 'VIXKRD2', 'VIXKRDM', 'VIXKLD1', 'VIXKLD2', 'VIXKLDM']"
max_,"[[8.50000000e+01, 9.63850000e+04, 2.00700000e+02, 3.71000000e+02,
  1.30210000e+02, 1.78200000e+02, 1.34199747e+01, 9.96424315e-01,
  1.21340663e+01, 9.04001641e+00, 1.51992228e+03, 1.13661267e+03,
  5.59000000e+01, 2.05000000e+01, 4.84000000e+01, 3.20000000e+00,
  9.61000000e+02, 6.40666667e+02, 1.86363636e+01, 9.14285710e-02,
  4.00000000e+00, 1.32000000e+02, 8.80000000e+01, 8.80000000e+01,
  1.75000000e+00, 7.75000000e+00, 8.80000000e+01, 8.80000000e+01,
  8.80000000e+01, 8.80000000e+01, 8.80000000e+01, 8.80000000e+01]]"
min_,"[[ 1.20000000e+01,  6.94000000e+02,  1.32700000e+02,  2.64000000e+01,
   1.26100000e+01,  5.21000000e+01,  8.46779405e+00,  3.60055287e-01,
   6.38687932e+00,  2.43608034e+00,  3.83666356e+02,  9.20114136e+01,
   1.50000000e+00,  2.00000000e-01,  4.00000000e-01,  0.00000000e+00,
   3.90000000e+01,  4.23529412e+00,  1.05371901e-01,  0.00000000e+00,
   0.00000000e+00,  0.00000000e+00, -1.47500000e+01,  0.00000000e+00,
  -7.75000000e+00,  0.00000000e+00,  3.70000000e+01,  3.77500000e+01,
   3.72500000e+01,  3.65000000e+01,  3.80000000e+01,  3.77500000e+01]]"
axis,0
