params,values
method,normalize
numerical_columns,"['FINAL_WEIGHT', 'age', 'LBXWBCSI', 'LBXPLTSI', 'LBDNENO', 'LBDLYMNO', 'LBDMONO', 'LBXMCVSI', 'LBXMCHSI', 'BMXWAIST', 'BMXWT', 'BMXHT', 'BMXBMI', 'WWI', 'WHtR', 'PLR', 'NLR', 'MHR', 'SII', 'SIRI', 'PIV']"
max_,"[[8.06150000e+04, 8.50000000e+01, 3.92000000e+01, 7.99000000e+02,
  1.78000000e+01, 3.03000000e+01, 1.80000000e+00, 1.21900000e+02,
  4.28000000e+01, 1.68400000e+02, 2.18200000e+02, 2.03800000e+02,
  6.61600000e+01, 1.57040567e+01, 1.01034260e+00, 5.20000000e+02,
  1.61818182e+01, 2.54237288e+00, 4.35000000e+03, 6.84000000e+00,
  2.61000000e+03]]"
min_,"[[1.52400000e+03, 4.00000000e+01, 2.30000000e+00, 3.90000000e+01,
  7.00000000e-01, 5.00000000e-01, 1.00000000e-01, 5.11000000e+01,
  1.47000000e+01, 6.11000000e+01, 3.63000000e+01, 1.40200000e+02,
  1.54400000e+01, 8.59364490e+00, 3.64712211e-01, 4.19141914e+00,
  1.93277311e-01, 3.98406370e-02, 2.72442244e+01, 1.07692308e-01,
  2.79217391e+01]]"
axis,0
