params,values
method,normalize
numerical_columns,"['FINAL_WEIGHT', 'age', 'LBXWBCSI', 'LBXPLTSI', 'LBDNENO', 'LBDLYMNO', 'LBDMONO', 'LBXMCVSI', 'LBXMCHSI', 'BMXWAIST', 'BMXWT', 'BMXHT', 'BMXBMI', 'WWI', 'WHtR', 'PLR', 'NLR', 'MHR', 'SII', 'SIRI', 'PIV']"
max_,"[[9.31470000e+04, 8.50000000e+01, 3.03000000e+01, 6.67000000e+02,
  1.55000000e+01, 2.38000000e+01, 2.30000000e+00, 1.25300000e+02,
  4.44000000e+01, 1.68400000e+02, 2.18200000e+02, 2.03800000e+02,
  6.61600000e+01, 1.57040567e+01, 1.01034260e+00, 5.20000000e+02,
  1.31666667e+01, 2.61363636e+00, 3.93683333e+03, 7.80000000e+00,
  2.16441905e+03]]"
min_,"[[1.40600000e+03, 4.00000000e+01, 2.50000000e+00, 3.90000000e+01,
  9.00000000e-01, 4.00000000e-01, 1.00000000e-01, 5.87000000e+01,
  1.74000000e+01, 6.35000000e+01, 4.10000000e+01, 1.40900000e+02,
  1.42000000e+01, 8.59364490e+00, 3.56984479e-01, 8.58585859e+00,
  1.91919192e-01, 5.95238100e-02, 3.07070707e+01, 9.59595960e-02,
  1.53535353e+01]]"
axis,0
