params,values
method,normalize
numerical_columns,"['f0', 'f1', 'f2', 'f3', 'f4', 'f5']"
max_,"[[16.004145 ,  5.0858491, 29.477769 ,  5.5008359, 14.444917 ,  1.9490273]]"
min_,"[[-0.78441482, -0.47019533, -0.59163147, -0.85955255, -0.37786573,
  -0.94572324]]"
axis,0
