params,values
method,normalize
numerical_columns,"['f0', 'f1', 'f2', 'f3', 'f4', 'f5']"
max_,"[[31.508443 ,  5.0858491, 29.477769 ,  9.3987574, 14.320163 ,  1.8911323]]"
min_,"[[-0.78441482, -0.47019533, -0.59163147, -0.85955255, -0.37786573,
  -0.94572324]]"
axis,0
